ID,Class
5,drilling
7,dog_bark
8,drilling
9,children_playing
13,engine_idling
14,drilling
16,children_playing
21,children_playing
23,engine_idling
25,siren
28,air_conditioner
29,air_conditioner
30,dog_bark
31,children_playing
34,street_music
39,siren
41,dog_bark
51,children_playing
53,drilling
55,air_conditioner
58,air_conditioner
62,children_playing
64,children_playing
69,street_music
70,street_music
73,street_music
75,engine_idling
85,children_playing
86,children_playing
89,street_music
94,engine_idling
95,dog_bark
96,drilling
98,siren
102,siren
106,siren
107,siren
108,car_horn
109,drilling
110,street_music
111,siren
112,children_playing
115,engine_idling
122,children_playing
124,drilling
126,street_music
127,children_playing
129,children_playing
133,drilling
141,children_playing
143,street_music
144,children_playing
145,siren
147,drilling
150,siren
151,drilling
154,children_playing
155,siren
156,jackhammer
157,children_playing
158,street_music
161,children_playing
166,air_conditioner
169,air_conditioner
173,drilling
177,engine_idling
180,air_conditioner
181,dog_bark
183,siren
190,engine_idling
191,dog_bark
194,air_conditioner
195,siren
198,children_playing
199,children_playing
201,children_playing
203,children_playing
204,jackhammer
205,dog_bark
206,air_conditioner
207,drilling
209,drilling
210,dog_bark
220,engine_idling
225,jackhammer
231,children_playing
234,dog_bark
237,air_conditioner
238,children_playing
240,dog_bark
241,drilling
243,children_playing
244,drilling
254,dog_bark
256,air_conditioner
257,engine_idling
259,children_playing
262,air_conditioner
265,jackhammer
266,dog_bark
267,jackhammer
273,jackhammer
274,street_music
279,drilling
281,dog_bark
283,siren
284,children_playing
287,drilling
289,siren
290,dog_bark
291,dog_bark
292,air_conditioner
293,children_playing
294,drilling
296,children_playing
297,siren
298,air_conditioner
302,children_playing
320,jackhammer
321,car_horn
325,jackhammer
340,street_music
341,dog_bark
344,street_music
345,engine_idling
362,dog_bark
373,gun_shot
375,dog_bark
379,street_music
384,children_playing
387,drilling
389,air_conditioner
390,siren
393,air_conditioner
398,children_playing
399,dog_bark
403,air_conditioner
404,street_music
405,street_music
409,dog_bark
415,jackhammer
416,dog_bark
420,engine_idling
421,street_music
422,children_playing
424,children_playing
431,siren
432,air_conditioner
433,dog_bark
434,air_conditioner
439,children_playing
441,engine_idling
443,street_music
448,engine_idling
451,car_horn
458,children_playing
460,children_playing
463,siren
465,jackhammer
466,dog_bark
469,air_conditioner
476,dog_bark
478,children_playing
481,drilling
483,jackhammer
487,air_conditioner
490,air_conditioner
492,drilling
494,drilling
496,street_music
499,children_playing
502,children_playing
503,siren
504,street_music
505,children_playing
508,street_music
510,jackhammer
514,drilling
517,drilling
518,air_conditioner
521,children_playing
526,children_playing
529,engine_idling
530,children_playing
531,children_playing
535,car_horn
536,jackhammer
539,drilling
541,siren
545,street_music
546,street_music
548,drilling
550,children_playing
552,engine_idling
553,siren
558,siren
563,air_conditioner
574,siren
577,dog_bark
581,dog_bark
582,jackhammer
588,children_playing
591,air_conditioner
592,street_music
595,children_playing
596,gun_shot
601,drilling
602,street_music
608,jackhammer
609,street_music
616,siren
617,jackhammer
618,jackhammer
625,siren
626,children_playing
627,jackhammer
628,air_conditioner
632,dog_bark
634,jackhammer
637,air_conditioner
638,siren
640,children_playing
641,siren
644,children_playing
647,children_playing
649,car_horn
650,street_music
653,air_conditioner
667,siren
668,gun_shot
672,siren
674,siren
675,children_playing
678,dog_bark
680,jackhammer
681,children_playing
682,children_playing
696,car_horn
700,drilling
701,drilling
706,children_playing
707,drilling
708,engine_idling
711,children_playing
715,children_playing
718,drilling
723,siren
725,dog_bark
731,engine_idling
736,dog_bark
741,siren
743,engine_idling
745,children_playing
747,street_music
756,drilling
759,drilling
762,street_music
763,drilling
767,drilling
768,drilling
769,jackhammer
774,air_conditioner
775,dog_bark
777,air_conditioner
779,dog_bark
781,dog_bark
782,jackhammer
786,dog_bark
788,gun_shot
789,jackhammer
793,drilling
795,engine_idling
797,dog_bark
800,engine_idling
805,air_conditioner
806,children_playing
808,jackhammer
814,air_conditioner
815,dog_bark
818,engine_idling
822,drilling
823,children_playing
827,drilling
828,drilling
831,engine_idling
836,jackhammer
837,children_playing
842,siren
846,jackhammer
847,children_playing
852,siren
856,drilling
861,children_playing
862,engine_idling
866,street_music
873,drilling
877,children_playing
879,siren
880,air_conditioner
888,engine_idling
890,dog_bark
895,air_conditioner
897,children_playing
902,children_playing
903,children_playing
908,siren
909,street_music
910,jackhammer
917,street_music
918,siren
920,engine_idling
924,dog_bark
931,street_music
934,children_playing
935,drilling
936,engine_idling
939,street_music
940,air_conditioner
942,air_conditioner
944,children_playing
947,children_playing
949,children_playing
950,children_playing
958,engine_idling
960,car_horn
961,street_music
962,street_music
966,siren
967,children_playing
968,children_playing
969,children_playing
970,children_playing
974,air_conditioner
976,engine_idling
981,jackhammer
982,jackhammer
983,drilling
984,street_music
988,engine_idling
989,dog_bark
992,children_playing
993,jackhammer
994,street_music
997,engine_idling
998,engine_idling
999,engine_idling
1002,car_horn
1005,siren
1009,children_playing
1010,dog_bark
1011,air_conditioner
1012,air_conditioner
1013,drilling
1016,children_playing
1019,air_conditioner
1020,siren
1023,engine_idling
1031,siren
1033,children_playing
1035,siren
1037,jackhammer
1039,street_music
1041,drilling
1046,children_playing
1050,children_playing
1053,air_conditioner
1057,engine_idling
1060,engine_idling
1064,children_playing
1065,engine_idling
1067,dog_bark
1073,dog_bark
1075,jackhammer
1081,siren
1084,street_music
1086,children_playing
1093,drilling
1094,children_playing
1095,siren
1097,engine_idling
1099,jackhammer
1101,air_conditioner
1102,car_horn
1103,children_playing
1104,street_music
1107,children_playing
1108,air_conditioner
1109,children_playing
1110,siren
1111,air_conditioner
1114,drilling
1117,children_playing
1121,engine_idling
1122,air_conditioner
1123,jackhammer
1124,dog_bark
1125,siren
1127,children_playing
1128,drilling
1130,siren
1132,street_music
1135,engine_idling
1136,dog_bark
1138,jackhammer
1140,children_playing
1141,siren
1142,drilling
1144,jackhammer
1146,street_music
1153,jackhammer
1154,dog_bark
1155,drilling
1159,dog_bark
1161,jackhammer
1163,gun_shot
1164,engine_idling
1165,jackhammer
1166,air_conditioner
1167,street_music
1169,children_playing
1170,engine_idling
1171,jackhammer
1172,engine_idling
1173,jackhammer
1177,air_conditioner
1178,dog_bark
1179,jackhammer
1184,engine_idling
1185,children_playing
1190,siren
1192,street_music
1193,car_horn
1194,drilling
1196,street_music
1197,siren
1198,engine_idling
1199,siren
1201,siren
1202,jackhammer
1204,street_music
1207,children_playing
1208,children_playing
1211,street_music
1212,street_music
1213,air_conditioner
1215,air_conditioner
1216,children_playing
1221,street_music
1222,street_music
1223,dog_bark
1225,children_playing
1227,dog_bark
1229,children_playing
1233,siren
1234,street_music
1238,children_playing
1239,children_playing
1247,siren
1249,children_playing
1250,street_music
1253,engine_idling
1254,car_horn
1258,jackhammer
1260,jackhammer
1263,street_music
1264,jackhammer
1266,street_music
1268,siren
1274,drilling
1280,street_music
1281,drilling
1282,siren
1283,children_playing
1284,children_playing
1285,engine_idling
1288,children_playing
1290,children_playing
1291,drilling
1293,jackhammer
1299,dog_bark
1304,car_horn
1307,children_playing
1309,children_playing
1313,jackhammer
1315,children_playing
1320,dog_bark
1324,siren
1325,children_playing
1331,drilling
1333,street_music
1336,car_horn
1340,engine_idling
1342,siren
1343,drilling
1344,jackhammer
1348,street_music
1354,street_music
1359,engine_idling
1360,children_playing
1362,children_playing
1364,children_playing
1369,engine_idling
1372,engine_idling
1373,air_conditioner
1374,children_playing
1375,dog_bark
1376,siren
1379,drilling
1382,engine_idling
1383,jackhammer
1387,drilling
1389,jackhammer
1391,children_playing
1392,air_conditioner
1395,air_conditioner
1397,air_conditioner
1401,air_conditioner
1402,gun_shot
1403,siren
1406,dog_bark
1407,children_playing
1408,dog_bark
1410,dog_bark
1411,drilling
1413,engine_idling
1416,siren
1420,siren
1421,drilling
1422,drilling
1424,drilling
1426,drilling
1427,children_playing
1429,car_horn
1430,dog_bark
1433,dog_bark
1434,children_playing
1438,children_playing
1439,children_playing
1440,jackhammer
1441,jackhammer
1442,street_music
1443,street_music
1445,siren
1451,engine_idling
1453,jackhammer
1455,siren
1456,gun_shot
1457,jackhammer
1463,car_horn
1464,dog_bark
1465,street_music
1466,children_playing
1474,jackhammer
1476,children_playing
1482,car_horn
1484,siren
1486,children_playing
1487,children_playing
1490,siren
1494,children_playing
1495,jackhammer
1499,children_playing
1504,engine_idling
1505,car_horn
1507,dog_bark
1509,siren
1513,drilling
1514,dog_bark
1519,engine_idling
1522,drilling
1524,street_music
1526,air_conditioner
1533,children_playing
1535,street_music
1538,children_playing
1539,car_horn
1541,air_conditioner
1543,jackhammer
1544,drilling
1545,drilling
1553,drilling
1557,siren
1559,dog_bark
1566,street_music
1568,street_music
1572,siren
1575,air_conditioner
1576,siren
1577,air_conditioner
1580,children_playing
1582,children_playing
1583,jackhammer
1585,jackhammer
1587,street_music
1590,engine_idling
1592,jackhammer
1594,car_horn
1595,children_playing
1596,dog_bark
1600,siren
1609,children_playing
1610,children_playing
1611,dog_bark
1617,dog_bark
1619,street_music
1620,dog_bark
1622,engine_idling
1624,children_playing
1625,siren
1627,drilling
1631,dog_bark
1637,air_conditioner
1638,drilling
1641,dog_bark
1642,siren
1643,siren
1644,siren
1645,children_playing
1646,siren
1650,children_playing
1654,siren
1655,dog_bark
1657,engine_idling
1658,dog_bark
1659,engine_idling
1662,children_playing
1665,children_playing
1668,car_horn
1670,children_playing
1671,dog_bark
1676,engine_idling
1682,jackhammer
1683,siren
1684,engine_idling
1685,air_conditioner
1691,jackhammer
1692,siren
1693,siren
1694,dog_bark
1696,dog_bark
1698,dog_bark
1700,drilling
1707,children_playing
1710,car_horn
1712,street_music
1717,children_playing
1721,drilling
1723,air_conditioner
1726,siren
1732,dog_bark
1733,children_playing
1735,children_playing
1740,children_playing
1742,air_conditioner
1743,children_playing
1747,siren
1752,children_playing
1753,jackhammer
1756,jackhammer
1757,children_playing
1758,children_playing
1759,street_music
1762,drilling
1764,children_playing
1770,children_playing
1772,dog_bark
1775,children_playing
1778,children_playing
1781,children_playing
1784,dog_bark
1785,siren
1788,dog_bark
1790,engine_idling
1793,drilling
1797,air_conditioner
1798,car_horn
1799,jackhammer
1804,dog_bark
1810,children_playing
1811,drilling
1814,children_playing
1815,engine_idling
1821,street_music
1823,children_playing
1824,air_conditioner
1833,drilling
1835,dog_bark
1838,siren
1844,children_playing
1845,drilling
1846,street_music
1851,engine_idling
1852,engine_idling
1855,siren
1857,children_playing
1859,children_playing
1860,siren
1861,siren
1862,street_music
1865,engine_idling
1875,jackhammer
1878,children_playing
1880,jackhammer
1882,street_music
1884,air_conditioner
1885,jackhammer
1887,dog_bark
1888,siren
1900,car_horn
1902,siren
1903,children_playing
1905,siren
1906,street_music
1907,siren
1909,air_conditioner
1911,gun_shot
1912,jackhammer
1915,drilling
1920,gun_shot
1926,gun_shot
1928,siren
1930,drilling
1931,children_playing
1934,children_playing
1939,engine_idling
1942,drilling
1951,drilling
1953,air_conditioner
1954,air_conditioner
1955,siren
1959,siren
1961,jackhammer
1962,engine_idling
1964,children_playing
1965,children_playing
1969,drilling
1972,dog_bark
1975,engine_idling
1979,jackhammer
1981,drilling
1983,engine_idling
1984,dog_bark
1985,drilling
1989,engine_idling
1990,siren
1993,street_music
1995,children_playing
1998,children_playing
2003,siren
2005,siren
2006,air_conditioner
2007,dog_bark
2011,siren
2012,drilling
2014,siren
2015,children_playing
2021,jackhammer
2024,siren
2027,children_playing
2030,street_music
2032,street_music
2034,siren
2035,dog_bark
2039,children_playing
2041,dog_bark
2044,children_playing
2046,drilling
2052,dog_bark
2053,street_music
2058,dog_bark
2059,children_playing
2060,drilling
2061,children_playing
2062,gun_shot
2065,jackhammer
2068,jackhammer
2069,street_music
2071,children_playing
2074,children_playing
2075,engine_idling
2076,children_playing
2079,drilling
2085,jackhammer
2086,children_playing
2088,siren
2092,children_playing
2093,siren
2097,siren
2100,children_playing
2109,air_conditioner
2110,children_playing
2111,drilling
2112,siren
2114,jackhammer
2115,jackhammer
2118,jackhammer
2119,siren
2120,engine_idling
2128,drilling
2131,drilling
2136,jackhammer
2137,engine_idling
2143,drilling
2146,children_playing
2147,siren
2151,air_conditioner
2153,dog_bark
2155,drilling
2158,children_playing
2159,children_playing
2161,street_music
2164,dog_bark
2165,children_playing
2166,drilling
2167,jackhammer
2172,street_music
2175,siren
2176,children_playing
2177,engine_idling
2178,air_conditioner
2181,dog_bark
2183,dog_bark
2187,jackhammer
2189,street_music
2202,dog_bark
2203,siren
2207,dog_bark
2208,drilling
2211,street_music
2213,street_music
2214,air_conditioner
2215,children_playing
2221,jackhammer
2222,siren
2223,street_music
2231,jackhammer
2232,children_playing
2234,street_music
2239,engine_idling
2242,siren
2243,siren
2245,siren
2248,siren
2255,children_playing
2257,siren
2261,siren
2263,children_playing
2266,children_playing
2267,dog_bark
2268,children_playing
2270,street_music
2271,dog_bark
2272,children_playing
2274,children_playing
2276,siren
2280,children_playing
2281,children_playing
2283,engine_idling
2284,drilling
2285,air_conditioner
2286,siren
2288,children_playing
2289,air_conditioner
2292,street_music
2294,engine_idling
2296,air_conditioner
2298,jackhammer
2305,drilling
2311,drilling
2315,dog_bark
2316,dog_bark
2317,dog_bark
2320,drilling
2321,drilling
2322,children_playing
2325,children_playing
2326,street_music
2328,siren
2331,street_music
2334,children_playing
2336,siren
2337,street_music
2341,children_playing
2342,jackhammer
2346,siren
2348,children_playing
2350,children_playing
2352,engine_idling
2355,jackhammer
2356,street_music
2357,street_music
2359,engine_idling
2361,drilling
2362,drilling
2365,dog_bark
2367,air_conditioner
2370,children_playing
2374,children_playing
2375,car_horn
2376,street_music
2377,air_conditioner
2381,siren
2383,gun_shot
2385,drilling
2387,dog_bark
2391,street_music
2392,dog_bark
2393,street_music
2396,drilling
2397,dog_bark
2399,children_playing
2400,gun_shot
2406,dog_bark
2407,drilling
2409,jackhammer
2417,dog_bark
2422,children_playing
2423,street_music
2426,air_conditioner
2429,drilling
2431,jackhammer
2434,siren
2435,siren
2436,air_conditioner
2437,children_playing
2440,drilling
2442,siren
2451,children_playing
2457,street_music
2459,siren
2467,dog_bark
2469,children_playing
2471,siren
2472,dog_bark
2475,siren
2476,street_music
2481,street_music
2482,children_playing
2483,children_playing
2486,drilling
2490,children_playing
2491,car_horn
2492,street_music
2495,dog_bark
2496,children_playing
2500,jackhammer
2502,dog_bark
2504,children_playing
2508,air_conditioner
2514,street_music
2518,dog_bark
2519,car_horn
2520,children_playing
2521,air_conditioner
2522,gun_shot
2525,jackhammer
2527,children_playing
2528,engine_idling
2530,engine_idling
2533,jackhammer
2535,street_music
2537,children_playing
2540,drilling
2546,drilling
2551,dog_bark
2554,engine_idling
2556,street_music
2559,children_playing
2561,air_conditioner
2562,street_music
2563,children_playing
2565,children_playing
2566,car_horn
2579,air_conditioner
2583,siren
2589,siren
2590,siren
2591,air_conditioner
2599,jackhammer
2602,jackhammer
2606,air_conditioner
2609,gun_shot
2611,drilling
2615,children_playing
2617,jackhammer
2618,drilling
2621,drilling
2622,dog_bark
2626,drilling
2627,air_conditioner
2628,street_music
2629,dog_bark
2630,siren
2631,jackhammer
2633,children_playing
2635,street_music
2638,engine_idling
2642,car_horn
2643,children_playing
2649,jackhammer
2654,jackhammer
2655,siren
2656,children_playing
2660,children_playing
2663,children_playing
2667,dog_bark
2670,children_playing
2672,drilling
2673,engine_idling
2675,drilling
2681,children_playing
2683,engine_idling
2688,siren
2692,children_playing
2693,children_playing
2694,drilling
2696,children_playing
2698,car_horn
2701,street_music
2704,jackhammer
2708,children_playing
2712,children_playing
2715,jackhammer
2716,jackhammer
2719,jackhammer
2720,dog_bark
2724,street_music
2727,children_playing
2729,jackhammer
2731,street_music
2734,air_conditioner
2735,children_playing
2737,engine_idling
2742,siren
2743,children_playing
2745,children_playing
2748,dog_bark
2749,gun_shot
2753,dog_bark
2755,engine_idling
2758,drilling
2759,drilling
2761,siren
2762,jackhammer
2767,children_playing
2768,jackhammer
2772,engine_idling
2777,dog_bark
2778,air_conditioner
2782,dog_bark
2786,siren
2793,children_playing
2796,drilling
2798,dog_bark
2799,engine_idling
2803,air_conditioner
2804,dog_bark
2806,siren
2809,dog_bark
2810,jackhammer
2812,air_conditioner
2814,air_conditioner
2816,street_music
2817,street_music
2818,children_playing
2820,street_music
2822,drilling
2823,siren
2826,engine_idling
2827,dog_bark
2833,engine_idling
2834,jackhammer
2838,car_horn
2839,drilling
2841,jackhammer
2843,air_conditioner
2844,drilling
2845,siren
2847,engine_idling
2848,jackhammer
2852,siren
2853,dog_bark
2856,children_playing
2859,children_playing
2860,dog_bark
2861,dog_bark
2866,siren
2867,drilling
2868,dog_bark
2874,street_music
2876,siren
2877,street_music
2879,car_horn
2880,drilling
2882,dog_bark
2883,air_conditioner
2885,jackhammer
2886,siren
2888,car_horn
2893,siren
2894,children_playing
2895,dog_bark
2897,engine_idling
2904,children_playing
2905,children_playing
2906,street_music
2908,jackhammer
2916,jackhammer
2919,dog_bark
2923,siren
2937,drilling
2938,engine_idling
2941,drilling
2947,jackhammer
2948,children_playing
2949,street_music
2952,siren
2953,drilling
2958,engine_idling
2964,air_conditioner
2965,engine_idling
2967,siren
2968,children_playing
2970,street_music
2973,dog_bark
2975,siren
2977,street_music
2978,children_playing
2979,street_music
2981,children_playing
2985,street_music
2990,jackhammer
2999,children_playing
3000,street_music
3002,street_music
3005,street_music
3007,engine_idling
3009,jackhammer
3010,dog_bark
3015,drilling
3017,drilling
3019,children_playing
3022,jackhammer
3023,engine_idling
3025,dog_bark
3028,engine_idling
3029,dog_bark
3031,children_playing
3035,street_music
3039,car_horn
3040,dog_bark
3041,street_music
3043,street_music
3044,siren
3045,drilling
3047,street_music
3048,jackhammer
3049,siren
3053,jackhammer
3057,dog_bark
3058,drilling
3059,dog_bark
3064,children_playing
3065,children_playing
3067,dog_bark
3072,engine_idling
3073,children_playing
3076,jackhammer
3079,siren
3080,children_playing
3083,jackhammer
3084,jackhammer
3086,children_playing
3088,children_playing
3090,children_playing
3093,car_horn
3100,engine_idling
3106,dog_bark
3107,jackhammer
3109,engine_idling
3111,air_conditioner
3113,children_playing
3114,children_playing
3116,siren
3119,jackhammer
3122,dog_bark
3124,drilling
3129,engine_idling
3132,children_playing
3134,street_music
3137,jackhammer
3139,children_playing
3141,siren
3142,street_music
3145,children_playing
3149,street_music
3158,jackhammer
3166,dog_bark
3173,children_playing
3174,children_playing
3175,siren
3181,children_playing
3183,engine_idling
3184,children_playing
3193,siren
3198,siren
3201,children_playing
3203,drilling
3204,siren
3208,dog_bark
3210,siren
3212,air_conditioner
3217,air_conditioner
3219,drilling
3222,jackhammer
3224,children_playing
3228,drilling
3234,children_playing
3241,children_playing
3242,street_music
3243,street_music
3245,children_playing
3247,children_playing
3249,engine_idling
3251,children_playing
3252,children_playing
3253,drilling
3255,drilling
3256,engine_idling
3260,dog_bark
3263,street_music
3265,drilling
3269,air_conditioner
3274,drilling
3280,street_music
3282,jackhammer
3284,children_playing
3287,jackhammer
3289,air_conditioner
3290,jackhammer
3295,children_playing
3300,gun_shot
3303,drilling
3304,children_playing
3309,children_playing
3311,children_playing
3312,street_music
3313,children_playing
3314,drilling
3315,siren
3326,jackhammer
3327,dog_bark
3329,engine_idling
3335,air_conditioner
3339,street_music
3340,car_horn
3341,children_playing
3342,dog_bark
3346,siren
3348,dog_bark
3356,children_playing
3359,children_playing
3361,drilling
3366,children_playing
3368,siren
3372,drilling
3374,drilling
3377,children_playing
3378,children_playing
3380,children_playing
3382,air_conditioner
3384,street_music
3385,children_playing
3386,street_music
3391,engine_idling
3393,dog_bark
3396,jackhammer
3402,street_music
3403,jackhammer
3405,street_music
3408,jackhammer
3410,children_playing
3411,engine_idling
3412,children_playing
3414,siren
3421,air_conditioner
3424,street_music
3426,jackhammer
3427,siren
3428,air_conditioner
3430,siren
3431,drilling
3438,children_playing
3440,dog_bark
3447,jackhammer
3448,engine_idling
3450,children_playing
3456,siren
3457,jackhammer
3460,dog_bark
3463,siren
3466,engine_idling
3468,engine_idling
3472,air_conditioner
3476,siren
3479,jackhammer
3484,car_horn
3485,children_playing
3487,street_music
3488,children_playing
3490,air_conditioner
3494,jackhammer
3497,street_music
3498,dog_bark
3500,drilling
3502,jackhammer
3505,siren
3506,children_playing
3511,children_playing
3512,children_playing
3513,engine_idling
3521,jackhammer
3524,siren
3527,children_playing
3530,siren
3532,street_music
3535,siren
3541,engine_idling
3544,children_playing
3552,drilling
3553,engine_idling
3557,children_playing
3558,jackhammer
3559,street_music
3562,drilling
3563,street_music
3564,children_playing
3565,engine_idling
3570,gun_shot
3571,street_music
3572,siren
3573,drilling
3575,siren
3576,jackhammer
3578,dog_bark
3581,children_playing
3586,jackhammer
3589,children_playing
3592,street_music
3593,engine_idling
3594,street_music
3600,children_playing
3601,air_conditioner
3602,dog_bark
3605,children_playing
3612,children_playing
3615,air_conditioner
3616,jackhammer
3617,children_playing
3618,air_conditioner
3620,siren
3623,children_playing
3625,dog_bark
3631,engine_idling
3633,street_music
3635,street_music
3636,jackhammer
3638,dog_bark
3641,street_music
3643,siren
3650,children_playing
3651,siren
3655,drilling
3665,engine_idling
3667,dog_bark
3673,street_music
3677,children_playing
3684,siren
3690,dog_bark
3692,car_horn
3693,dog_bark
3694,dog_bark
3699,air_conditioner
3701,air_conditioner
3704,jackhammer
3705,engine_idling
3707,children_playing
3710,children_playing
3712,jackhammer
3713,air_conditioner
3715,children_playing
3716,street_music
3720,siren
3722,jackhammer
3723,engine_idling
3727,drilling
3730,dog_bark
3733,street_music
3736,air_conditioner
3737,children_playing
3740,siren
3743,children_playing
3744,dog_bark
3746,engine_idling
3748,children_playing
3755,drilling
3757,children_playing
3761,children_playing
3767,children_playing
3768,dog_bark
3769,children_playing
3773,car_horn
3774,dog_bark
3775,air_conditioner
3777,jackhammer
3779,car_horn
3780,air_conditioner
3786,dog_bark
3789,air_conditioner
3793,car_horn
3794,jackhammer
3795,car_horn
3796,engine_idling
3797,air_conditioner
3801,children_playing
3802,dog_bark
3804,dog_bark
3807,children_playing
3809,street_music
3810,children_playing
3812,street_music
3814,siren
3815,drilling
3817,siren
3818,engine_idling
3824,siren
3825,children_playing
3826,car_horn
3829,engine_idling
3831,drilling
3832,jackhammer
3835,gun_shot
3837,children_playing
3841,siren
3845,drilling
3849,jackhammer
3852,car_horn
3856,children_playing
3857,children_playing
3858,air_conditioner
3862,drilling
3865,engine_idling
3867,dog_bark
3872,children_playing
3873,jackhammer
3874,children_playing
3875,dog_bark
3876,drilling
3892,engine_idling
3897,jackhammer
3899,children_playing
3901,siren
3904,children_playing
3907,siren
3908,siren
3912,air_conditioner
3913,street_music
3917,air_conditioner
3922,air_conditioner
3923,drilling
3926,children_playing
3928,drilling
3931,jackhammer
3935,siren
3937,jackhammer
3942,street_music
3946,dog_bark
3949,drilling
3950,dog_bark
3952,air_conditioner
3953,siren
3954,air_conditioner
3957,jackhammer
3958,jackhammer
3961,children_playing
3963,air_conditioner
3964,drilling
3971,jackhammer
3974,jackhammer
3976,jackhammer
3977,jackhammer
3979,children_playing
3980,street_music
3989,dog_bark
3990,jackhammer
3991,children_playing
3995,children_playing
3996,jackhammer
4005,engine_idling
4007,jackhammer
4008,siren
4013,drilling
4016,children_playing
4019,children_playing
4020,siren
4023,street_music
4025,air_conditioner
4026,street_music
4031,jackhammer
4033,children_playing
4034,drilling
4035,engine_idling
4036,engine_idling
4037,dog_bark
4040,dog_bark
4042,children_playing
4043,drilling
4047,siren
4048,jackhammer
4051,drilling
4052,air_conditioner
4053,jackhammer
4059,siren
4060,drilling
4061,car_horn
4063,siren
4065,car_horn
4071,children_playing
4072,children_playing
4074,siren
4079,dog_bark
4082,drilling
4088,children_playing
4090,engine_idling
4092,engine_idling
4098,air_conditioner
4099,children_playing
4105,siren
4107,jackhammer
4108,children_playing
4109,jackhammer
4112,air_conditioner
4113,street_music
4114,dog_bark
4115,siren
4116,street_music
4120,siren
4124,siren
4127,dog_bark
4132,children_playing
4133,street_music
4136,children_playing
4141,jackhammer
4144,street_music
4145,engine_idling
4147,siren
4148,jackhammer
4149,street_music
4150,dog_bark
4151,jackhammer
4152,dog_bark
4153,children_playing
4154,siren
4156,children_playing
4157,dog_bark
4165,street_music
4167,engine_idling
4173,air_conditioner
4176,street_music
4177,street_music
4185,engine_idling
4186,children_playing
4187,children_playing
4188,street_music
4192,siren
4194,dog_bark
4195,car_horn
4196,air_conditioner
4202,dog_bark
4208,siren
4209,siren
4211,jackhammer
4212,air_conditioner
4213,engine_idling
4214,dog_bark
4215,siren
4219,children_playing
4221,engine_idling
4223,street_music
4225,dog_bark
4229,children_playing
4230,engine_idling
4233,jackhammer
4237,children_playing
4238,children_playing
4240,dog_bark
4243,drilling
4245,street_music
4250,drilling
4251,siren
4258,engine_idling
4259,children_playing
4261,dog_bark
4264,siren
4266,dog_bark
4268,dog_bark
4269,siren
4270,air_conditioner
4271,children_playing
4275,air_conditioner
4276,children_playing
4280,engine_idling
4282,engine_idling
4283,jackhammer
4284,dog_bark
4292,engine_idling
4294,children_playing
4295,children_playing
4296,engine_idling
4298,siren
4300,drilling
4302,air_conditioner
4304,air_conditioner
4305,children_playing
4306,engine_idling
4308,dog_bark
4309,dog_bark
4310,engine_idling
4312,dog_bark
4315,air_conditioner
4318,children_playing
4321,air_conditioner
4322,siren
4325,children_playing
4329,children_playing
4330,children_playing
4332,gun_shot
4334,air_conditioner
4336,street_music
4339,drilling
4340,air_conditioner
4342,air_conditioner
4343,street_music
4344,street_music
4345,air_conditioner
4347,children_playing
4348,jackhammer
4354,engine_idling
4355,dog_bark
4357,dog_bark
4360,street_music
4368,dog_bark
4370,jackhammer
4373,siren
4376,dog_bark
4377,siren
4380,street_music
4383,siren
4385,engine_idling
4387,dog_bark
4388,engine_idling
4391,jackhammer
4395,street_music
4398,children_playing
4399,children_playing
4402,jackhammer
4403,siren
4404,siren
4405,siren
4407,jackhammer
4409,engine_idling
4410,air_conditioner
4414,children_playing
4419,air_conditioner
4421,car_horn
4423,air_conditioner
4434,siren
4435,jackhammer
4441,children_playing
4445,children_playing
4447,children_playing
4448,siren
4452,jackhammer
4455,siren
4457,siren
4460,jackhammer
4465,jackhammer
4466,car_horn
4468,dog_bark
4469,children_playing
4470,children_playing
4471,children_playing
4477,children_playing
4478,children_playing
4479,air_conditioner
4484,street_music
4488,street_music
4489,jackhammer
4494,jackhammer
4495,jackhammer
4496,engine_idling
4497,children_playing
4501,engine_idling
4505,children_playing
4507,children_playing
4508,gun_shot
4512,children_playing
4516,children_playing
4517,children_playing
4518,street_music
4519,drilling
4520,children_playing
4524,dog_bark
4533,siren
4537,jackhammer
4538,jackhammer
4543,dog_bark
4544,children_playing
4546,jackhammer
4548,drilling
4550,street_music
4551,children_playing
4552,jackhammer
4553,children_playing
4555,street_music
4558,children_playing
4560,children_playing
4564,children_playing
4565,dog_bark
4567,car_horn
4576,dog_bark
4577,children_playing
4579,drilling
4580,air_conditioner
4582,dog_bark
4586,drilling
4587,drilling
4588,air_conditioner
4590,drilling
4591,children_playing
4593,street_music
4594,drilling
4596,dog_bark
4597,children_playing
4600,engine_idling
4603,drilling
4605,children_playing
4606,children_playing
4608,jackhammer
4615,engine_idling
4620,jackhammer
4621,siren
4624,jackhammer
4626,siren
4627,children_playing
4631,street_music
4638,dog_bark
4639,drilling
4642,siren
4644,drilling
4649,jackhammer
4654,drilling
4656,drilling
4660,air_conditioner
4664,siren
4670,siren
4671,dog_bark
4673,children_playing
4675,children_playing
4678,children_playing
4681,street_music
4687,children_playing
4689,drilling
4691,dog_bark
4694,street_music
4696,drilling
4699,dog_bark
4700,jackhammer
4701,jackhammer
4706,dog_bark
4709,dog_bark
4710,jackhammer
4711,dog_bark
4712,air_conditioner
4713,children_playing
4717,children_playing
4719,drilling
4720,jackhammer
4727,engine_idling
4731,air_conditioner
4734,children_playing
4738,children_playing
4744,siren
4751,jackhammer
4757,dog_bark
4760,drilling
4761,siren
4765,children_playing
4768,children_playing
4771,air_conditioner
4772,siren
4773,engine_idling
4774,children_playing
4777,jackhammer
4779,engine_idling
4780,air_conditioner
4782,car_horn
4797,air_conditioner
4798,children_playing
4802,drilling
4808,siren
4809,engine_idling
4811,dog_bark
4812,children_playing
4813,jackhammer
4814,gun_shot
4815,children_playing
4816,children_playing
4817,children_playing
4818,dog_bark
4819,children_playing
4825,drilling
4831,dog_bark
4838,street_music
4841,siren
4845,children_playing
4848,children_playing
4849,children_playing
4850,jackhammer
4855,children_playing
4856,dog_bark
4859,engine_idling
4862,drilling
4865,children_playing
4868,car_horn
4869,dog_bark
4871,siren
4872,siren
4874,children_playing
4875,jackhammer
4876,children_playing
4878,children_playing
4882,siren
4885,jackhammer
4891,dog_bark
4892,children_playing
4893,siren
4897,air_conditioner
4898,drilling
4901,dog_bark
4908,children_playing
4910,children_playing
4915,drilling
4922,children_playing
4929,children_playing
4930,siren
4932,dog_bark
4933,engine_idling
4935,children_playing
4936,children_playing
4939,children_playing
4941,children_playing
4944,street_music
4946,air_conditioner
4949,engine_idling
4951,children_playing
4954,dog_bark
4955,jackhammer
4957,air_conditioner
4958,dog_bark
4967,children_playing
4969,engine_idling
4971,children_playing
4975,drilling
4977,drilling
4978,dog_bark
4979,children_playing
4980,children_playing
4981,children_playing
4982,dog_bark
4983,drilling
4987,engine_idling
4995,jackhammer
4998,air_conditioner
4999,street_music
5000,children_playing
5006,dog_bark
5007,siren
5008,siren
5009,engine_idling
5012,siren
5014,children_playing
5015,street_music
5016,children_playing
5018,jackhammer
5020,jackhammer
5024,jackhammer
5026,jackhammer
5027,jackhammer
5030,air_conditioner
5036,drilling
5039,air_conditioner
5041,dog_bark
5047,children_playing
5048,jackhammer
5050,air_conditioner
5053,siren
5054,siren
5056,street_music
5061,air_conditioner
5062,drilling
5066,siren
5070,dog_bark
5078,air_conditioner
5079,car_horn
5080,dog_bark
5083,engine_idling
5086,jackhammer
5087,children_playing
5090,drilling
5091,siren
5093,drilling
5097,air_conditioner
5098,air_conditioner
5101,children_playing
5102,street_music
5104,jackhammer
5105,children_playing
5108,street_music
5111,children_playing
5113,engine_idling
5115,drilling
5116,street_music
5120,dog_bark
5123,jackhammer
5124,children_playing
5126,dog_bark
5131,gun_shot
5136,dog_bark
5137,drilling
5139,air_conditioner
5143,street_music
5144,engine_idling
5145,street_music
5150,siren
5152,engine_idling
5153,jackhammer
5155,dog_bark
5156,engine_idling
5160,air_conditioner
5161,air_conditioner
5162,children_playing
5163,dog_bark
5164,children_playing
5166,dog_bark
5167,street_music
5168,children_playing
5170,children_playing
5179,siren
5182,street_music
5184,siren
5185,jackhammer
5187,gun_shot
5192,drilling
5193,dog_bark
5194,children_playing
5197,drilling
5203,jackhammer
5204,children_playing
5207,siren
5208,street_music
5212,drilling
5213,jackhammer
5215,jackhammer
5220,children_playing
5222,children_playing
5224,air_conditioner
5229,children_playing
5230,siren
5231,children_playing
5232,air_conditioner
5235,dog_bark
5238,children_playing
5240,drilling
5242,drilling
5245,children_playing
5249,drilling
5250,drilling
5252,children_playing
5254,drilling
5256,dog_bark
5258,dog_bark
5260,children_playing
5261,jackhammer
5267,siren
5269,drilling
5273,car_horn
5274,street_music
5275,street_music
5276,dog_bark
5280,children_playing
5282,children_playing
5285,dog_bark
5286,siren
5287,children_playing
5288,children_playing
5293,gun_shot
5295,children_playing
5296,dog_bark
5298,children_playing
5300,children_playing
5301,children_playing
5303,siren
5305,jackhammer
5306,air_conditioner
5311,jackhammer
5317,dog_bark
5318,siren
5325,drilling
5327,children_playing
5330,street_music
5332,air_conditioner
5334,children_playing
5335,children_playing
5337,gun_shot
5339,children_playing
5341,siren
5342,air_conditioner
5346,children_playing
5349,engine_idling
5354,dog_bark
5355,drilling
5358,drilling
5362,siren
5363,children_playing
5365,street_music
5366,dog_bark
5367,drilling
5368,drilling
5372,siren
5375,children_playing
5377,children_playing
5379,siren
5381,drilling
5383,street_music
5386,engine_idling
5387,drilling
5388,siren
5392,dog_bark
5393,drilling
5396,jackhammer
5399,drilling
5401,siren
5402,street_music
5404,children_playing
5408,drilling
5410,dog_bark
5413,engine_idling
5419,street_music
5420,jackhammer
5421,street_music
5422,street_music
5424,children_playing
5425,engine_idling
5428,air_conditioner
5430,air_conditioner
5431,car_horn
5434,children_playing
5439,jackhammer
5440,children_playing
5442,children_playing
5443,drilling
5446,children_playing
5449,jackhammer
5450,jackhammer
5451,children_playing
5453,air_conditioner
5454,jackhammer
5455,car_horn
5457,children_playing
5458,drilling
5462,children_playing
5463,dog_bark
5464,street_music
5467,air_conditioner
5468,drilling
5469,siren
5470,jackhammer
5471,street_music
5474,gun_shot
5475,engine_idling
5478,dog_bark
5479,car_horn
5482,drilling
5484,children_playing
5485,children_playing
5490,air_conditioner
5491,children_playing
5496,jackhammer
5500,jackhammer
5501,siren
5502,air_conditioner
5506,dog_bark
5510,street_music
5516,dog_bark
5517,dog_bark
5520,siren
5525,children_playing
5527,dog_bark
5529,jackhammer
5531,jackhammer
5532,air_conditioner
5536,engine_idling
5538,street_music
5539,siren
5541,car_horn
5549,street_music
5550,children_playing
5551,car_horn
5552,dog_bark
5555,children_playing
5563,drilling
5567,air_conditioner
5568,children_playing
5569,siren
5573,jackhammer
5575,children_playing
5576,drilling
5578,dog_bark
5579,dog_bark
5580,children_playing
5581,children_playing
5584,drilling
5590,dog_bark
5591,drilling
5593,street_music
5595,street_music
5596,dog_bark
5602,dog_bark
5603,car_horn
5604,siren
5606,drilling
5608,street_music
5617,dog_bark
5618,street_music
5620,street_music
5621,jackhammer
5622,air_conditioner
5629,drilling
5630,children_playing
5632,children_playing
5633,drilling
5636,children_playing
5643,street_music
5646,air_conditioner
5647,car_horn
5648,siren
5651,dog_bark
5656,children_playing
5657,children_playing
5665,siren
5666,drilling
5667,siren
5674,street_music
5675,children_playing
5677,drilling
5679,siren
5685,children_playing
5686,air_conditioner
5688,jackhammer
5693,siren
5694,children_playing
5696,gun_shot
5700,siren
5703,siren
5708,dog_bark
5717,drilling
5718,jackhammer
5720,gun_shot
5727,drilling
5728,engine_idling
5729,siren
5737,children_playing
5738,siren
5743,drilling
5747,engine_idling
5748,siren
5749,dog_bark
5752,jackhammer
5753,children_playing
5754,children_playing
5756,street_music
5759,children_playing
5766,street_music
5775,dog_bark
5776,car_horn
5777,car_horn
5779,siren
5781,siren
5782,drilling
5785,siren
5787,air_conditioner
5789,street_music
5792,engine_idling
5793,jackhammer
5794,children_playing
5795,street_music
5797,children_playing
5798,children_playing
5801,siren
5803,street_music
5804,children_playing
5805,dog_bark
5807,dog_bark
5809,drilling
5810,air_conditioner
5811,siren
5812,dog_bark
5814,children_playing
5819,siren
5821,siren
5823,engine_idling
5828,dog_bark
5830,engine_idling
5831,siren
5834,siren
5836,street_music
5838,engine_idling
5839,drilling
5843,siren
5845,children_playing
5846,air_conditioner
5849,drilling
5853,jackhammer
5855,jackhammer
5860,siren
5861,children_playing
5866,air_conditioner
5868,street_music
5872,dog_bark
5873,dog_bark
5875,children_playing
5878,children_playing
5880,engine_idling
5883,air_conditioner
5884,children_playing
5885,children_playing
5894,street_music
5895,dog_bark
5896,children_playing
5898,siren
5899,siren
5905,dog_bark
5910,jackhammer
5911,street_music
5913,jackhammer
5916,jackhammer
5919,children_playing
5920,jackhammer
5923,children_playing
5924,dog_bark
5929,jackhammer
5930,air_conditioner
5931,jackhammer
5935,children_playing
5938,children_playing
5939,siren
5945,children_playing
5946,children_playing
5955,engine_idling
5956,jackhammer
5958,children_playing
5959,jackhammer
5961,street_music
5965,dog_bark
5967,children_playing
5969,siren
5970,engine_idling
5971,air_conditioner
5972,children_playing
5973,children_playing
5974,drilling
5975,drilling
5978,dog_bark
5979,children_playing
5981,children_playing
5986,air_conditioner
5987,jackhammer
5991,siren
5993,siren
5998,siren
6000,jackhammer
6006,street_music
6008,drilling
6011,siren
6018,drilling
6024,children_playing
6028,children_playing
6032,air_conditioner
6036,drilling
6037,street_music
6038,dog_bark
6039,children_playing
6042,children_playing
6043,drilling
6044,air_conditioner
6045,engine_idling
6048,drilling
6052,children_playing
6057,jackhammer
6058,siren
6060,car_horn
6062,siren
6064,engine_idling
6065,siren
6067,dog_bark
6069,dog_bark
6071,air_conditioner
6073,engine_idling
6075,air_conditioner
6076,air_conditioner
6078,siren
6084,jackhammer
6090,dog_bark
6093,dog_bark
6097,dog_bark
6102,siren
6105,drilling
6106,siren
6110,jackhammer
6111,car_horn
6112,air_conditioner
6113,street_music
6114,engine_idling
6122,dog_bark
6124,engine_idling
6125,street_music
6126,jackhammer
6127,jackhammer
6128,children_playing
6135,children_playing
6143,dog_bark
6146,jackhammer
6147,gun_shot
6148,jackhammer
6150,siren
6155,car_horn
6157,engine_idling
6164,children_playing
6166,dog_bark
6167,dog_bark
6168,jackhammer
6176,siren
6178,engine_idling
6182,drilling
6184,drilling
6185,street_music
6186,siren
6190,siren
6192,dog_bark
6195,jackhammer
6199,siren
6200,children_playing
6201,drilling
6202,children_playing
6203,street_music
6207,children_playing
6208,children_playing
6209,siren
6216,siren
6218,siren
6221,children_playing
6223,jackhammer
6225,children_playing
6226,drilling
6228,engine_idling
6231,siren
6233,children_playing
6236,engine_idling
6237,engine_idling
6238,drilling
6240,air_conditioner
6242,air_conditioner
6246,dog_bark
6250,dog_bark
6251,jackhammer
6252,dog_bark
6253,children_playing
6254,dog_bark
6257,children_playing
6261,children_playing
6264,children_playing
6267,dog_bark
6269,jackhammer
6273,drilling
6275,street_music
6276,drilling
6277,children_playing
6280,air_conditioner
6281,jackhammer
6285,drilling
6289,drilling
6299,jackhammer
6301,air_conditioner
6302,car_horn
6303,dog_bark
6306,drilling
6307,air_conditioner
6312,siren
6313,children_playing
6315,jackhammer
6316,siren
6320,dog_bark
6325,children_playing
6330,air_conditioner
6334,car_horn
6342,siren
6344,street_music
6349,jackhammer
6350,engine_idling
6352,air_conditioner
6353,children_playing
6356,engine_idling
6360,dog_bark
6361,engine_idling
6362,children_playing
6363,street_music
6365,car_horn
6368,jackhammer
6369,dog_bark
6373,children_playing
6383,children_playing
6384,street_music
6385,street_music
6386,air_conditioner
6388,drilling
6390,drilling
6391,drilling
6396,dog_bark
6397,children_playing
6398,jackhammer
6399,car_horn
6400,air_conditioner
6401,engine_idling
6405,siren
6406,street_music
6407,gun_shot
6410,engine_idling
6415,street_music
6419,street_music
6421,engine_idling
6425,siren
6428,children_playing
6429,jackhammer
6430,air_conditioner
6433,children_playing
6438,engine_idling
6439,street_music
6444,engine_idling
6447,children_playing
6458,children_playing
6465,siren
6470,siren
6471,street_music
6472,street_music
6476,dog_bark
6479,street_music
6481,air_conditioner
6482,children_playing
6485,children_playing
6488,drilling
6489,street_music
6491,siren
6492,children_playing
6494,drilling
6495,children_playing
6499,car_horn
6501,children_playing
6503,dog_bark
6504,children_playing
6513,jackhammer
6514,siren
6519,drilling
6525,air_conditioner
6526,jackhammer
6532,drilling
6533,street_music
6538,car_horn
6539,dog_bark
6540,drilling
6541,dog_bark
6545,street_music
6554,air_conditioner
6561,air_conditioner
6564,drilling
6567,jackhammer
6569,children_playing
6571,siren
6576,children_playing
6577,engine_idling
6578,jackhammer
6581,jackhammer
6582,engine_idling
6584,engine_idling
6585,children_playing
6586,engine_idling
6587,street_music
6588,drilling
6590,children_playing
6591,air_conditioner
6593,dog_bark
6594,car_horn
6597,jackhammer
6598,drilling
6601,children_playing
6605,children_playing
6611,drilling
6612,siren
6613,car_horn
6615,air_conditioner
6617,car_horn
6622,air_conditioner
6624,gun_shot
6625,jackhammer
6627,jackhammer
6632,children_playing
6636,engine_idling
6639,jackhammer
6645,air_conditioner
6646,street_music
6650,dog_bark
6657,car_horn
6658,jackhammer
6663,dog_bark
6666,street_music
6669,jackhammer
6670,air_conditioner
6672,children_playing
6673,jackhammer
6675,car_horn
6678,dog_bark
6680,dog_bark
6682,dog_bark
6684,drilling
6685,children_playing
6686,siren
6687,children_playing
6688,jackhammer
6690,children_playing
6695,air_conditioner
6697,dog_bark
6699,children_playing
6700,children_playing
6701,jackhammer
6702,children_playing
6704,dog_bark
6705,air_conditioner
6706,air_conditioner
6707,engine_idling
6709,gun_shot
6711,siren
6713,air_conditioner
6718,drilling
6720,siren
6727,drilling
6733,children_playing
6743,children_playing
6744,siren
6745,drilling
6751,jackhammer
6756,street_music
6758,dog_bark
6761,drilling
6762,dog_bark
6766,street_music
6776,street_music
6780,jackhammer
6784,siren
6785,jackhammer
6787,street_music
6788,drilling
6789,siren
6794,air_conditioner
6795,street_music
6796,children_playing
6798,siren
6799,jackhammer
6801,children_playing
6803,engine_idling
6805,children_playing
6806,car_horn
6807,siren
6808,siren
6809,drilling
6814,siren
6825,children_playing
6827,children_playing
6828,children_playing
6833,children_playing
6834,dog_bark
6838,children_playing
6842,jackhammer
6843,dog_bark
6845,children_playing
6848,car_horn
6849,siren
6854,air_conditioner
6858,dog_bark
6859,jackhammer
6861,children_playing
6862,siren
6863,air_conditioner
6867,siren
6868,children_playing
6870,gun_shot
6873,children_playing
6874,drilling
6876,dog_bark
6884,children_playing
6885,dog_bark
6887,dog_bark
6890,drilling
6894,air_conditioner
6897,dog_bark
6899,siren
6904,siren
6905,children_playing
6913,jackhammer
6916,gun_shot
6917,children_playing
6919,street_music
6921,drilling
6924,siren
6927,air_conditioner
6930,siren
6936,street_music
6940,drilling
6941,drilling
6944,engine_idling
6950,dog_bark
6951,drilling
6952,air_conditioner
6953,air_conditioner
6957,dog_bark
6959,drilling
6960,air_conditioner
6962,siren
6964,car_horn
6968,dog_bark
6972,air_conditioner
6978,jackhammer
6980,drilling
6983,air_conditioner
6987,drilling
6988,drilling
6989,children_playing
6994,dog_bark
6995,siren
6996,engine_idling
6997,dog_bark
7011,dog_bark
7021,drilling
7023,drilling
7024,dog_bark
7033,air_conditioner
7034,drilling
7037,siren
7038,children_playing
7043,children_playing
7044,street_music
7045,dog_bark
7047,siren
7050,jackhammer
7056,siren
7058,street_music
7071,children_playing
7080,street_music
7089,children_playing
7090,dog_bark
7092,children_playing
7093,children_playing
7097,engine_idling
7098,engine_idling
7099,air_conditioner
7101,street_music
7102,engine_idling
7103,children_playing
7104,siren
7106,siren
7117,dog_bark
7119,dog_bark
7120,children_playing
7122,air_conditioner
7123,siren
7125,children_playing
7127,siren
7128,dog_bark
7130,street_music
7132,jackhammer
7134,drilling
7135,car_horn
7139,siren
7146,jackhammer
7147,children_playing
7152,air_conditioner
7158,children_playing
7160,car_horn
7164,jackhammer
7165,engine_idling
7166,engine_idling
7167,drilling
7168,siren
7173,siren
7181,drilling
7182,car_horn
7183,engine_idling
7184,children_playing
7186,dog_bark
7188,jackhammer
7189,engine_idling
7192,air_conditioner
7193,jackhammer
7199,jackhammer
7208,street_music
7209,dog_bark
7210,children_playing
7214,engine_idling
7219,drilling
7220,drilling
7225,siren
7229,children_playing
7230,street_music
7234,air_conditioner
7236,siren
7237,siren
7238,children_playing
7239,children_playing
7243,gun_shot
7246,air_conditioner
7248,engine_idling
7254,dog_bark
7255,dog_bark
7261,air_conditioner
7266,children_playing
7267,engine_idling
7268,jackhammer
7270,jackhammer
7271,children_playing
7273,children_playing
7276,air_conditioner
7281,drilling
7282,jackhammer
7283,drilling
7286,children_playing
7288,children_playing
7289,children_playing
7290,engine_idling
7291,jackhammer
7293,street_music
7295,street_music
7296,drilling
7299,street_music
7300,air_conditioner
7301,air_conditioner
7303,children_playing
7304,drilling
7306,children_playing
7308,street_music
7310,engine_idling
7312,children_playing
7314,children_playing
7317,drilling
7318,street_music
7324,drilling
7325,children_playing
7327,children_playing
7334,street_music
7335,jackhammer
7339,air_conditioner
7341,jackhammer
7342,siren
7348,street_music
7350,dog_bark
7351,car_horn
7353,siren
7355,dog_bark
7356,children_playing
7357,children_playing
7363,engine_idling
7365,dog_bark
7368,drilling
7371,jackhammer
7373,air_conditioner
7390,gun_shot
7391,dog_bark
7393,air_conditioner
7394,air_conditioner
7395,air_conditioner
7396,siren
7397,children_playing
7402,children_playing
7406,street_music
7407,dog_bark
7411,dog_bark
7413,engine_idling
7415,children_playing
7416,drilling
7420,children_playing
7421,street_music
7422,children_playing
7427,dog_bark
7428,dog_bark
7433,street_music
7434,drilling
7435,children_playing
7438,siren
7440,drilling
7441,air_conditioner
7442,car_horn
7444,drilling
7445,dog_bark
7453,children_playing
7454,siren
7461,air_conditioner
7464,air_conditioner
7466,drilling
7470,drilling
7473,children_playing
7474,children_playing
7477,street_music
7480,jackhammer
7481,drilling
7484,dog_bark
7485,drilling
7486,siren
7487,street_music
7489,engine_idling
7491,drilling
7492,street_music
7496,drilling
7498,children_playing
7502,siren
7511,street_music
7512,children_playing
7514,siren
7515,air_conditioner
7517,dog_bark
7526,children_playing
7527,air_conditioner
7533,dog_bark
7534,engine_idling
7535,dog_bark
7536,engine_idling
7537,siren
7540,jackhammer
7544,engine_idling
7545,children_playing
7546,children_playing
7549,dog_bark
7551,jackhammer
7554,children_playing
7555,siren
7557,dog_bark
7559,drilling
7562,siren
7564,children_playing
7571,drilling
7572,children_playing
7575,jackhammer
7583,street_music
7587,engine_idling
7588,car_horn
7590,jackhammer
7591,dog_bark
7594,dog_bark
7603,drilling
7605,street_music
7606,siren
7608,engine_idling
7615,jackhammer
7616,car_horn
7621,car_horn
7624,drilling
7627,siren
7628,street_music
7630,engine_idling
7632,jackhammer
7635,air_conditioner
7637,children_playing
7640,engine_idling
7643,children_playing
7647,drilling
7649,jackhammer
7652,air_conditioner
7654,siren
7658,air_conditioner
7659,dog_bark
7660,engine_idling
7661,air_conditioner
7662,jackhammer
7663,dog_bark
7666,dog_bark
7667,air_conditioner
7668,jackhammer
7670,siren
7676,children_playing
7678,dog_bark
7684,siren
7691,engine_idling
7692,car_horn
7693,street_music
7695,air_conditioner
7698,drilling
7701,dog_bark
7703,jackhammer
7704,dog_bark
7708,children_playing
7709,street_music
7714,engine_idling
7716,dog_bark
7717,air_conditioner
7719,siren
7722,children_playing
7728,air_conditioner
7731,car_horn
7732,dog_bark
7737,children_playing
7741,jackhammer
7746,jackhammer
7749,jackhammer
7752,siren
7753,children_playing
7755,jackhammer
7757,siren
7758,street_music
7760,air_conditioner
7763,jackhammer
7764,car_horn
7767,drilling
7771,jackhammer
7772,car_horn
7773,siren
7774,street_music
7778,siren
7781,engine_idling
7782,air_conditioner
7786,street_music
7789,siren
7790,siren
7793,siren
7794,air_conditioner
7797,street_music
7798,children_playing
7799,air_conditioner
7801,drilling
7803,children_playing
7805,dog_bark
7808,car_horn
7809,children_playing
7811,children_playing
7812,dog_bark
7815,jackhammer
7816,siren
7820,air_conditioner
7823,children_playing
7832,children_playing
7834,siren
7840,dog_bark
7841,street_music
7847,children_playing
7848,siren
7849,street_music
7851,street_music
7852,jackhammer
7857,children_playing
7859,children_playing
7863,air_conditioner
7864,siren
7866,car_horn
7877,children_playing
7878,siren
7884,dog_bark
7885,siren
7886,dog_bark
7887,jackhammer
7888,engine_idling
7889,engine_idling
7894,children_playing
7895,engine_idling
7902,jackhammer
7903,street_music
7905,street_music
7906,children_playing
7907,jackhammer
7912,children_playing
7913,children_playing
7915,dog_bark
7921,children_playing
7923,jackhammer
7924,children_playing
7925,siren
7926,children_playing
7934,street_music
7937,jackhammer
7940,dog_bark
7945,street_music
7947,engine_idling
7948,street_music
7950,car_horn
7953,dog_bark
7957,street_music
7958,street_music
7960,siren
7962,children_playing
7967,children_playing
7968,children_playing
7971,children_playing
7972,street_music
7973,children_playing
7974,street_music
7983,engine_idling
7984,drilling
7986,jackhammer
7987,children_playing
7991,street_music
8001,jackhammer
8003,jackhammer
8005,jackhammer
8006,engine_idling
8007,children_playing
8010,children_playing
8011,children_playing
8015,siren
8017,siren
8018,engine_idling
8019,children_playing
8023,children_playing
8026,engine_idling
8030,air_conditioner
8031,drilling
8038,children_playing
8039,jackhammer
8040,street_music
8041,engine_idling
8044,jackhammer
8045,drilling
8051,drilling
8054,jackhammer
8056,dog_bark
8059,jackhammer
8063,drilling
8065,jackhammer
8066,siren
8070,street_music
8082,children_playing
8083,gun_shot
8087,children_playing
8089,engine_idling
8091,children_playing
8094,street_music
8096,street_music
8098,street_music
8102,children_playing
8107,children_playing
8109,children_playing
8112,children_playing
8113,children_playing
8115,jackhammer
8116,jackhammer
8117,air_conditioner
8120,children_playing
8121,children_playing
8123,street_music
8124,drilling
8126,engine_idling
8129,children_playing
8132,siren
8134,siren
8136,children_playing
8138,gun_shot
8139,engine_idling
8141,children_playing
8147,street_music
8149,air_conditioner
8153,dog_bark
8157,children_playing
8158,car_horn
8159,jackhammer
8160,air_conditioner
8162,dog_bark
8163,siren
8164,children_playing
8165,children_playing
8169,engine_idling
8170,jackhammer
8175,children_playing
8178,children_playing
8179,air_conditioner
8186,children_playing
8196,air_conditioner
8197,air_conditioner
8198,street_music
8203,street_music
8204,street_music
8206,children_playing
8207,street_music
8209,siren
8212,engine_idling
8214,air_conditioner
8218,dog_bark
8222,street_music
8223,car_horn
8224,children_playing
8225,street_music
8226,drilling
8230,jackhammer
8235,children_playing
8237,jackhammer
8240,children_playing
8242,drilling
8245,siren
8248,drilling
8250,street_music
8254,dog_bark
8255,dog_bark
8256,street_music
8267,drilling
8269,air_conditioner
8273,engine_idling
8275,drilling
8276,siren
8278,engine_idling
8281,street_music
8284,jackhammer
8286,siren
8288,children_playing
8290,drilling
8291,drilling
8292,jackhammer
8295,street_music
8298,children_playing
8301,children_playing
8303,jackhammer
8304,dog_bark
8309,siren
8312,jackhammer
8316,engine_idling
8319,dog_bark
8320,dog_bark
8321,children_playing
8326,children_playing
8328,children_playing
8329,dog_bark
8331,dog_bark
8336,dog_bark
8339,dog_bark
8340,siren
8341,dog_bark
8342,children_playing
8343,air_conditioner
8348,dog_bark
8349,siren
8350,dog_bark
8355,air_conditioner
8358,air_conditioner
8359,children_playing
8362,children_playing
8363,dog_bark
8367,air_conditioner
8371,street_music
8372,children_playing
8373,siren
8374,car_horn
8375,air_conditioner
8376,air_conditioner
8379,children_playing
8383,dog_bark
8385,air_conditioner
8388,dog_bark
8389,dog_bark
8390,dog_bark
8394,dog_bark
8398,engine_idling
8400,air_conditioner
8402,children_playing
8404,air_conditioner
8405,air_conditioner
8408,siren
8413,siren
8414,children_playing
8415,dog_bark
8418,drilling
8423,jackhammer
8426,dog_bark
8433,children_playing
8436,children_playing
8439,children_playing
8451,gun_shot
8452,dog_bark
8454,siren
8455,children_playing
8456,air_conditioner
8461,engine_idling
8463,dog_bark
8468,street_music
8478,air_conditioner
8480,siren
8481,children_playing
8487,street_music
8488,street_music
8489,children_playing
8490,children_playing
8494,engine_idling
8495,air_conditioner
8497,jackhammer
8504,dog_bark
8505,street_music
8506,street_music
8509,drilling
8516,siren
8517,street_music
8521,siren
8525,engine_idling
8528,dog_bark
8529,dog_bark
8530,jackhammer
8532,dog_bark
8533,children_playing
8537,drilling
8541,jackhammer
8545,engine_idling
8548,siren
8549,jackhammer
8550,siren
8551,air_conditioner
8554,children_playing
8555,jackhammer
8556,street_music
8557,drilling
8559,engine_idling
8561,children_playing
8563,dog_bark
8566,street_music
8567,street_music
8572,siren
8573,air_conditioner
8574,engine_idling
8576,children_playing
8577,children_playing
8583,engine_idling
8585,street_music
8591,drilling
8592,siren
8593,engine_idling
8600,air_conditioner
8601,siren
8602,children_playing
8606,street_music
8608,engine_idling
8619,dog_bark
8622,children_playing
8623,children_playing
8629,drilling
8631,dog_bark
8633,jackhammer
8634,street_music
8638,siren
8642,drilling
8645,children_playing
8647,jackhammer
8648,car_horn
8652,siren
8655,street_music
8661,siren
8662,dog_bark
8668,children_playing
8669,dog_bark
8671,air_conditioner
8672,air_conditioner
8674,dog_bark
8680,engine_idling
8683,engine_idling
8686,street_music
8687,dog_bark
8688,engine_idling
8689,children_playing
8692,dog_bark
8696,children_playing
8697,children_playing
8698,children_playing
8700,children_playing
8702,drilling
8708,drilling
8718,dog_bark
8719,jackhammer
8730,dog_bark
8731,siren
